provider,country,count,provider_category,classification_source
National Library of France,France,2999310,library/archive,provider_name
Media Library of Architecture and Heritage,France,510877,library/archive,provider_name
Natural History Museum in Paris,France,502160,natural history/science institution,provider_name
Ministry of Culture,France,173279,government/administrative body,provider_name
Historical Monuments: Regional Conservation,France,128192,government/administrative body,confirmed_fix
"Ministry of Culture and Communication, Regional Archaeology Service",France,110142,government/administrative body,confirmed_fix
National Audiovisual Institute France,France,54491,audiovisual/film archive,provider_name
Interuniversity Health Library,France,47992,library/archive,provider_name
Palais Galliera - Musée de la Mode de la Ville de Paris,France,44495,art/history museum,provider_name
Mobilier National Collections,France,24284,art/history museum,manual_override
Center for Research in Ethnomusicology,France,21446,audiovisual/film archive,provider_name
National and University Library of Strasbourg,France,21320,library/archive,provider_name
House Culture Yiddish,France,14330,library/archive,manual_override
Museum of Decorative Arts,France,12967,art/history museum,provider_name
Philharmonie de Paris,France,12091,audiovisual/film archive,provider_name
National Archives of France,France,11709,library/archive,provider_name
Rhône-Alpes Laboratory for Historical Research,France,10046,academic/research institution,provider_name
Library of the Alliance Israélite Universelle,France,6229,library/archive,provider_name
The Paris Observatory Library,France,3085,library/archive,provider_name
Departmental Units of Architecture and Heritage,France,2587,government/administrative body,manual_override
PETRAE - AUSONIUS,France,2571,academic/research institution,manual_override
House for the Social Sciences and Humanities of Dijon,France,2116,academic/research institution,manual_override
Occitan Media Library,France,1962,library/archive,provider_name
National Archeology Museum,France,1333,art/history museum,provider_name
National Conservatory of Arts and Crafts,France,1274,academic/research institution,confirmed_fix
Centre for Research on Sound Space and urban environment,France,910,academic/research institution,provider_name
Models and Simulations for Architecture and Heritage,France,880,academic/research institution,wikidata_description
Bibracte EPCC,France,539,other,manual_override
Babord-Num,France,487,library/archive,manual_override
"Virtual Humanist Libraries, Tours University",France,384,library/archive,provider_name
Media library at Centre National de la Danse,France,266,library/archive,provider_name
Archaeological Society of Bordeaux,France,260,art/history museum,provider_name
Clermont Library,France,231,library/archive,provider_name
Virtual library on the first socialisms,France,177,library/archive,provider_name
Conservatory of the Gironde Estuary,France,159,government/administrative body,confirmed_fix
Pôle de la Mémoire Locale,France,119,other,manual_override
TheFactStories,France,85,other,manual_override
Institute of Computer Science - Foundation for Research and Technology Hellas,France,30,academic/research institution,provider_name
Cinémémoire - Amateur Film Library of Marseille,France,26,library/archive,provider_name
Ministry of Reconstruction and Urban Planning,France,21,government/administrative body,provider_name
National Customs Museum,France,16,art/history museum,provider_name
In Video Veritas,France,7,other,manual_override
Louvre,France,4,art/history museum,wikidata_description
Orsay Museum,France,3,art/history museum,provider_name
Centre Pompidou - National museum for modern art - Industrial Design Centre,France,1,art/history museum,provider_name
National Centre for Prehistory,France,1,academic/research institution,manual_override
Heritage Malta,France,1,library/archive,wikidata_sparql_fallback
National Monuments Center,France,1,government/administrative body,manual_override
Museum of Fine Arts in Lyon,France,1,art/history museum,provider_name
Palace of Versailles and Trianon,France,1,art/history museum,provider_name
Bavarian State Library,Germany,2176001,library/archive,provider_name
Deutsche Fotothek,Germany,1314229,library/archive,wikidata_description
State Archives of Baden-Württemberg,Germany,827603,library/archive,provider_name
German Documentation Center for Art History - Marburg Picture Index,Germany,320532,library/archive,manual_override
German National Library,Germany,304053,library/archive,provider_name
Berlin-Dahlem Botanical Garden and Botanical Museum,Germany,252957,natural history/science institution,provider_name
Library of the Friedrich Ebert Foundation,Germany,201518,library/archive,provider_name
Museum of City History Leipzig,Germany,182494,art/history museum,provider_name
Berlin State Library,Germany,169601,library/archive,provider_name
Museum of Architecture at Berlin Institute of Technology,Germany,161890,art/history museum,provider_name
Archives of Social Democracy,Germany,133032,library/archive,provider_name
State and University Library Hamburg Carl von Ossietzky,Germany,131101,library/archive,provider_name
Heidelberg University Library,Germany,130773,library/archive,provider_name
Teßmann Library,Germany,115179,library/archive,provider_name
German Archaeological Institute,Germany,104659,academic/research institution,confirmed_fix
"Ethnological Museum, Staatliche Museen zu Berlin",Germany,104638,art/history museum,provider_name
Toy Museum of the City of Nuremberg,Germany,80306,art/history museum,provider_name
Berlin-Brandenburg Economic Archive,Germany,72335,library/archive,provider_name
DFF – German Film Institute & Film Museum,Germany,71678,audiovisual/film archive,provider_name
Karlsruhe Municipal Archives,Germany,71356,library/archive,provider_name
Herzog Anton Ulrich Museum,Germany,70499,art/history museum,provider_name
Epigraphic Database Heidelberg,Germany,69053,art/history museum,provider_name
University & State Library Fulda,Germany,69052,library/archive,provider_name
Herzog August Library,Germany,65635,library/archive,provider_name
Brandenburg Main State Archive,Germany,63700,library/archive,provider_name
International Maritime Museum,Germany,61862,art/history museum,provider_name
Deutsche Welle,Germany,55861,media/broadcast organization,wikidata_description
GESIS - Leibniz Institute for the Social Sciences. Library Cologne,Germany,54945,library/archive,provider_name
Architecture Museum at Technical University of Munich,Germany,50914,art/history museum,provider_name
Herbarium Göttingen (GOET),Germany,40425,natural history/science institution,provider_name
The Photographic Archive of the Zentralinstitut für Kunstgeschichte,Germany,38240,library/archive,provider_name
Frankfurt University Library,Germany,36544,library/archive,provider_name
"Dresden State Art Collections. Museum of Prints, Drawings and Photographs",Germany,33959,art/history museum,provider_name
"Kunstbibliothek, Staatliche Museen zu Berlin",Germany,33713,library/archive,provider_name
Leibniz Institute for Regional Geography,Germany,27945,academic/research institution,wikidata_description
"Bibliotheca Hertziana, Max Planck Institute for Art History Rome. Photographic Collection",Germany,26187,art/history museum,provider_name
University Library Freiburg,Germany,26072,library/archive,provider_name
Media library of Art and Visual History of Humboldt University of Berlin,Germany,25661,library/archive,provider_name
Germanisches National Museum,Germany,24800,art/history museum,provider_name
Badisches Landesmuseum Karlsruhe,Germany,23093,art/history museum,wikidata_description
Sorbian Cultural Archive,Germany,22995,library/archive,provider_name
State Association of Fine Arts Saxony eV,Germany,22822,art/history museum,manual_override
Bauhaus University Weimar. University Library,Germany,21294,library/archive,provider_name
Dresden State Art Collections. Numismatic Collection,Germany,20413,art/history museum,provider_name
Bildarchiv Volkskundliche Kommision für Westfalen,Germany,19792,library/archive,manual_override
State Office for Heritage Management and Archaeology Saxony-Anhalt - State Museum for Prehistory,Germany,19055,art/history museum,provider_name
"Museum for Pre- and Early History, Staatliche Museen zu Berlin",Germany,18830,art/history museum,provider_name
LWL - Museum for Art and Culture - Westphalian State Museum of Art & Cultural History,Germany,18499,art/history museum,provider_name
"Kupferstichkabinett, Staatliche Museen zu Berlin",Germany,17959,art/history museum,provider_name
Prussian Palaces and Gardens Foundation Berlin-Brandenburg,Germany,17895,art/history museum,manual_override
Federal Waterways Engineering and Research Institute,Germany,17892,academic/research institution,provider_name
"Natural History Museum, Berlin",Germany,16336,natural history/science institution,provider_name
Field Museum of Natural History,Germany,15902,natural history/science institution,manual_override
Heinrich-Barth-Institut e.V.,Germany,15320,academic/research institution,manual_override
Kassel University Library,Germany,14409,library/archive,provider_name
Leipzig University Library,Germany,14351,library/archive,provider_name
Kalliope,Germany,14295,library/archive,wikidata_description
Saxon State and University Library Dresden,Germany,14079,library/archive,provider_name
"Museum of European Cultures, Staatliche Museen zu Berlin",Germany,13647,art/history museum,provider_name
Art collections of the Veste Coburg,Germany,13470,art/history museum,provider_name
"Institute of Art History and Archaeology of Europe, Martin Luther University Halle Wittenberg",Germany,12862,art/history museum,provider_name
Berlin-Brandenburg Academy of Sciences and Humanities,Germany,12231,academic/research institution,provider_name
Kunstpalast,Germany,12226,art/history museum,manual_override
Montanhistorisches Dokumentationszentrum,Germany,11804,library/archive,wikidata_sparql_fallback
Dresden State Art Collections. Porcelain collection,Germany,11325,art/history museum,provider_name
"University of Graz, Institute of Plant Sciences - Herbarium GZU",Germany,11219,natural history/science institution,provider_name
Hirschfelde Power Station Foundation,Germany,11139,other,manual_override
Museum of Islamic Art,Germany,11090,art/history museum,provider_name
Goethe University Frankfurt,Germany,10298,academic/research institution,provider_name
Dresden State Art Collections. Sculpture collection,Germany,10109,art/history museum,provider_name
German National Library of Medicine,Germany,9829,library/archive,provider_name
Gotha Research Library,Germany,9721,library/archive,provider_name
"BBAW, Corpus Nummorum",Germany,9691,academic/research institution,manual_override
"Collection of Classical Antiquities, Berlin State Museums",Germany,9598,art/history museum,manual_override
Technoseum,Germany,9361,natural history/science institution,confirmed_fix
Museum of Things,Germany,9340,art/history museum,provider_name
German Exile Archive,Germany,9246,library/archive,provider_name
Baden State Library,Germany,9134,library/archive,provider_name
Leibniz Institute for the German Language - Library,Germany,8504,library/archive,provider_name
Schöneweide Industrial Museum,Germany,8390,art/history museum,provider_name
Art Collection of the University Göttingen,Germany,8292,art/history museum,provider_name
FHXB Friedrichshain-Kreuzberg Museum,Germany,8289,art/history museum,provider_name
Deutsche Kinemathek - Museum für Film und Fernsehen,Germany,8078,audiovisual/film archive,manual_override
"Eberhard Karls Universität Tübingen, UB - Universitätsarchiv",Germany,7550,library/archive,wikidata_sparql_fallback
Stiftung Domäne Dahlem - Estate and Museum,Germany,7008,art/history museum,provider_name
"Museum of Arts and Crafts, Hamburg",Germany,6692,art/history museum,provider_name
Kiel University Library,Germany,6589,library/archive,provider_name
University and State Library Darmstadt,Germany,6522,library/archive,provider_name
TIB - Leibniz Information Centre for Science and Technology and University Library,Germany,6405,library/archive,provider_name
"Deutsches Museum, Archiv",Germany,6070,library/archive,provider_name
Bielefeld University Library,Germany,6023,library/archive,provider_name
Westphalian Folk Song and Sound Archive,Germany,5734,library/archive,provider_name
Zoological Research Museum Koenig,Germany,5602,natural history/science institution,confirmed_fix
Münchner Stadtmuseum,Germany,5259,art/history museum,wikidata_description
Theatermuseum der Landeshauptstadt Düsseldorf,Germany,5210,art/history museum,manual_override
Mecklenburg-Vorpommern state library,Germany,5063,library/archive,provider_name
Allied Museum,Germany,5045,art/history museum,provider_name
Gleimhaus - Museum of the German Enlightenment,Germany,5019,art/history museum,provider_name
"Central Archive, Berlin State Museums",Germany,5013,library/archive,provider_name
Dresden State Art Collections. Museum of Decorative Arts,Germany,4968,art/history museum,provider_name
Cinecittà - Luce,Italy,442536,audiovisual/film archive,provider_name
Historical Archive of the Presidency of the Republic,Italy,212160,library/archive,provider_name
National Central Library of Rome,Italy,200231,library/archive,provider_name
Internet Culturale,Italy,109101,library/archive,manual_override
"Department of Life Sciences, University of Trieste",Italy,101323,academic/research institution,provider_name
Epigraphic Database Roma,Italy,86827,academic/research institution,confirmed_fix
Cineteca di Bologna,Italy,73157,audiovisual/film archive,wikidata_description
Central Institute for the Union Catalogue of Italian Libraries,Italy,66672,library/archive,manual_override
Central Museum of the Risorgimento in Rome,Italy,53211,art/history museum,provider_name
Luigi Micheletti Foundation,Italy,51704,library/archive,wikidata_description
Experimental Cinematography Center,Italy,40538,audiovisual/film archive,manual_override
Epigraphic Dabatase Bari,Italy,40283,academic/research institution,confirmed_fix
European Library of Information and Culture,Italy,35475,library/archive,provider_name
Marciana National Library,Italy,29597,library/archive,provider_name
Turin Gallery for Modern and Contemporary Art,Italy,29395,art/history museum,provider_name
Braidense National Library,Italy,21526,library/archive,manual_override
Library of the S. Pietro a Majella Conservatory,Italy,20154,audiovisual/film archive,provider_name
Rossimoda Shoe Museum,Italy,13489,art/history museum,provider_name
Provincial Library Magna Capitana,Italy,13065,library/archive,provider_name
Estense University Library,Italy,12372,library/archive,provider_name
Missoni,Italy,12080,other,manual_override
Photographic Archive of the Civic Museums of Turin,Italy,11404,library/archive,provider_name
"New Manuscript Library, Veneto Region",Italy,11042,library/archive,provider_name
Pitti Immagine,Italy,10694,other,manual_override
Galileo Museum,Italy,9219,art/history museum,provider_name
The Central National Library of Florence,Italy,7790,library/archive,provider_name
Digital Library Trentino,Italy,7292,library/archive,provider_name
University Library of Genova,Italy,7063,library/archive,provider_name
Opera Institute of the Italian Vocabulary,Italy,6370,academic/research institution,manual_override
Museo della Carta di Pescia,Italy,5288,art/history museum,provider_name
Marucelliana Library,Italy,5225,library/archive,provider_name
University Library Of Pisa,Italy,5170,library/archive,provider_name
University of Padua,Italy,4168,academic/research institution,provider_name
Madama Palace,Italy,3825,art/history museum,provider_name
University of Pisa,Italy,3821,academic/research institution,provider_name
University of Padua - Botanical Garden Library,Italy,3612,library/archive,provider_name
Modern and Contemporary History Library,Italy,3543,library/archive,provider_name
Prato Textile Museum,Italy,3535,art/history museum,provider_name
Casanatense Library,Italy,3448,library/archive,provider_name
Querini Stampalia Foundation,Italy,3266,art/history museum,manual_override
Palatine Library,Italy,3216,library/archive,provider_name
State Archives of Campobasso,Italy,2930,library/archive,provider_name
Promoter Digital Gallery,Italy,2553,art/history museum,provider_name
Pitti Palace - Museum of Costume and Fashion,Italy,2499,art/history museum,provider_name
Alessandrina University Library,Italy,2129,library/archive,provider_name
Museum of Oriental Art,Italy,2041,art/history museum,provider_name
Brixiana,Italy,1886,library/archive,confirmed_fix
Superintendence for Cultural Heritage of the Autonomous Province of Trento,Italy,1863,government/administrative body,provider_name
The Institute of Heritage Sciences,Italy,1811,natural history/science institution,manual_override
Biblioteca Sportiva Nazionale,Italy,1487,library/archive,provider_name
State Library of the National Monument of Montecassino,Italy,1363,library/archive,provider_name
Library of the Cherubini Conservatory of Music,Italy,1328,audiovisual/film archive,provider_name
Library De Gemmis,Italy,1238,library/archive,provider_name
University of Bologna,Italy,1190,academic/research institution,provider_name
GoTellGo Cultural Association,Italy,1180,other,manual_override
Turin National University Library,Italy,1127,library/archive,provider_name
Polytecnic University of Milan - Computer Vision & Reverse Engineering Lab,Italy,1041,academic/research institution,provider_name
Byterfly,Italy,1017,library/archive,manual_override
Library of Archeology and History Of Art,Italy,966,library/archive,provider_name
Library of Archeology and History of Art,Italy,924,library/archive,provider_name
National Library of Potenza,Italy,860,library/archive,provider_name
Salvatore Ferragamo Museum,Italy,858,art/history museum,provider_name
Luigi Sturzo Institute,Italy,829,library/archive,wikidata_sparql_fallback
"Veneto Region, The Music Fund of St. Mary of Consolation in Venice",Italy,759,audiovisual/film archive,provider_name
National Library of the Girolamini Oratory,Italy,754,library/archive,provider_name
Pasquale Albino Library,Italy,723,library/archive,provider_name
Institute of Musical Studies Luigi Boccherini,Italy,703,audiovisual/film archive,provider_name
Municipality of Macerata,Italy,678,government/administrative body,provider_name
Provincial Library of Brindisi,Italy,655,library/archive,provider_name
National Library of Cosenza,Italy,587,library/archive,provider_name
Provincial Library Nicola Bernardini,Italy,570,library/archive,provider_name
State Library of Lucca,Italy,536,library/archive,provider_name
Alinari Foundation for Photography,Italy,498,art/history museum,provider_name
Rossini Foundation,Italy,469,academic/research institution,manual_override
Augusta Municipal Library,Italy,449,library/archive,provider_name
Public Library Pietro Acclavio,Italy,436,library/archive,provider_name
"Cultural Hub of the Museums, Libraries and Archives - Bassano del Grappa",Italy,402,library/archive,provider_name
Angelo Mai Civic Library and Municipal Historical Archives,Italy,401,library/archive,provider_name
University Library of Pavia,Italy,359,library/archive,provider_name
National Library of Attilio Hortis,Italy,359,library/archive,provider_name
Library Charitas of San Francesco di Paola,Italy,328,library/archive,provider_name
AMS Historica Bologna,Italy,302,academic/research institution,manual_override
Franca Rame - Dario Fo Archive,Italy,278,library/archive,provider_name
Municipal Library Giovanni Bovio,Italy,251,library/archive,provider_name
Luigi Einaudi Foundation Library,Italy,240,library/archive,provider_name
The Regional Archives Koper,Italy,227,library/archive,provider_name
National Museum of Cinema,Italy,210,audiovisual/film archive,manual_override
Museum of Agricultural Sciences,Italy,208,art/history museum,provider_name
Roman Philharmonic Academy,Italy,204,audiovisual/film archive,provider_name
Vatican Library,Italy,199,library/archive,provider_name
Institute of Information Science and Technologies 'Alessandro Faedo',Italy,198,academic/research institution,manual_override
Luigi Chiarini Library,Italy,188,library/archive,provider_name
Archive of the Donizetti Museum,Italy,186,library/archive,provider_name
Library of the Institute for the History of Resistance and Contemporary Society,Italy,182,library/archive,provider_name
National Library of Bari,Italy,173,library/archive,provider_name
International Museum and Library of Music,Italy,162,audiovisual/film archive,provider_name
Library of Astronomical Observatory of Capodimonte,Italy,157,library/archive,provider_name
CISA -Interdipartimental Center for Archaeology,Italy,148,academic/research institution,confirmed_fix
Alfonso Rendano Municipal Theater Library,Italy,139,library/archive,provider_name
State Library of Cremona,Italy,131,library/archive,provider_name
Naturalis Biodiversity Center,Netherlands,4601504,natural history/science institution,wikidata_description
"KB, National Library of the Netherlands",Netherlands,987234,library/archive,provider_name
Cultural Heritage Agency of the Netherlands,Netherlands,526228,government/administrative body,confirmed_fix
Rijksmuseum,Netherlands,341407,art/history museum,wikidata_description
National Archives of the Netherlands,Netherlands,283470,library/archive,provider_name
Internet Archive,Netherlands,176784,library/archive,provider_name
International Institute of Social History,Netherlands,165349,academic/research institution,wikidata_description
The Utrecht Archives,Netherlands,159981,library/archive,provider_name
National Museum of Antiquities,Netherlands,141529,art/history museum,provider_name
Historical Information Center of Brabant,Netherlands,118373,library/archive,manual_override
Netherlands Institute for Sound & Vision,Netherlands,98888,audiovisual/film archive,provider_name
Association De Hollandsche Molen,Netherlands,94187,other,manual_override
Museon-Omniversum,Netherlands,93077,natural history/science institution,confirmed_fix
Municipal Archives of Zaanstad,Netherlands,85508,library/archive,provider_name
Gooi en Vechtstreek Archive,Netherlands,79443,library/archive,provider_name
Netherlands Institute for Military History,Netherlands,68648,government/administrative body,wikidata_description
Historic Center Limburg,Netherlands,62704,library/archive,manual_override
IMSLP/Petrucci Music Library,Netherlands,61552,audiovisual/film archive,provider_name
City Archives Breda,Netherlands,60870,library/archive,provider_name
St. Catherine's Convent Museum,Netherlands,60795,art/history museum,provider_name
Museum Rotterdam,Netherlands,60777,art/history museum,provider_name
Paul Van Riel,Netherlands,55165,other,confirmed_fix
Batavialand,Netherlands,53928,art/history museum,wikidata_description
Historic Center Leeuwarden,Netherlands,53417,library/archive,manual_override
"Municipal Archive, Schiedam",Netherlands,52926,library/archive,provider_name
Municipal Archives of Weert,Netherlands,52654,library/archive,provider_name
KNAW-DANS,Netherlands,48118,academic/research institution,manual_override
Regional Archive Nijmegen,Netherlands,47924,library/archive,provider_name
City Archives' s-Hertogenbosch,Netherlands,45614,library/archive,provider_name
CODA Museum,Netherlands,44628,art/history museum,provider_name
CARARE,Netherlands,40920,academic/research institution,manual_override
Municipal Archives of Ede en Scherpenzeel,Netherlands,39824,library/archive,provider_name
Zutphen Regional Archive,Netherlands,31206,library/archive,provider_name
Regional Archive Langstraat Heusden Altena,Netherlands,27321,library/archive,provider_name
Rijksmuseum Boerhaave,Netherlands,27257,art/history museum,wikidata_description
Municipal Archives of Tholen,Netherlands,27160,library/archive,provider_name
Municipal Archives of Barneveld,Netherlands,27145,library/archive,provider_name
Zuiderzee Museum,Netherlands,20552,art/history museum,provider_name
The Language Archive,Netherlands,18392,library/archive,provider_name
National Museum of World Cultures Foundation,Netherlands,17547,art/history museum,provider_name
Heritage Rijssen-Holten,Netherlands,17221,art/history museum,manual_override
Digital Library for Dutch Literature,Netherlands,17043,library/archive,provider_name
The province of North Holland,Netherlands,13273,government/administrative body,provider_name
International Military Tribunal at Nuremberg,Netherlands,9629,other,manual_override
Leiden University Libraries,Netherlands,9087,library/archive,provider_name
Amsterdam Museum,Netherlands,8046,art/history museum,provider_name
Loevestein Castle,Netherlands,7692,art/history museum,provider_name
City Museum Zutphen,Netherlands,6850,art/history museum,provider_name
Textile Research Centre Leiden,Netherlands,6737,academic/research institution,provider_name
Regional Archives Tilburg,Netherlands,6569,library/archive,provider_name
Geldersch Landschap & Kasteelen,Netherlands,5699,other,manual_override
VU University Amsterdam Library,Netherlands,5008,library/archive,provider_name
Fries Museum,Netherlands,4736,art/history museum,provider_name
Valkhof Museum,Netherlands,3553,art/history museum,provider_name
"The Dutch Olympic Committee, Dutch Sports Federation",Netherlands,2738,other,manual_override
National Organ Museum,Netherlands,2707,art/history museum,provider_name
EYE Film Museum,Netherlands,1595,audiovisual/film archive,manual_override
IHLIA LGBTI Heritage,Netherlands,1558,library/archive,wikidata_description
Castle Huis Bergh,Netherlands,1552,art/history museum,provider_name
Textile Museum,Netherlands,1513,art/history museum,provider_name
Heritage Leiden,Netherlands,1314,library/archive,wikidata_description
Anne Frank House,Netherlands,1170,art/history museum,wikidata_description
Arnhem museum,Netherlands,1134,art/history museum,provider_name
De Looierij,Netherlands,1004,art/history museum,wikidata_description
Leo Smit foundation,Netherlands,863,academic/research institution,manual_override
Mauritshuis,Netherlands,832,art/history museum,wikidata_description
Museum Krona,Netherlands,768,art/history museum,provider_name
Airborne Museum 'Hartenstein',Netherlands,738,art/history museum,provider_name
Freedom Museum,Netherlands,547,art/history museum,provider_name
Historische Kring Huessen,Netherlands,465,art/history museum,wikidata_sparql_fallback
Deelen Airbase Museum,Netherlands,399,art/history museum,provider_name
Museum Klok & Peel,Netherlands,369,art/history museum,provider_name
Groningen Historic Churches Foundation,Netherlands,315,other,manual_override
Archive and Documentation Center for RK Friesland,Netherlands,246,library/archive,provider_name
Museum Het Pakhuis,Netherlands,236,art/history museum,provider_name
Historische Kring Midden-Betuwe,Netherlands,218,art/history museum,manual_override
Kijk & Luistermuseum,Netherlands,198,art/history museum,wikidata_description
Tilburg University,Netherlands,195,academic/research institution,provider_name
Streekmuseum de Roode Tooren,Netherlands,159,art/history museum,wikidata_description
Huis van Hilde,Netherlands,139,art/history museum,wikidata_sparql_fallback
Water board of Schieland and the Krimpenerwaard,Netherlands,137,government/administrative body,manual_override
Zaans Museum,Netherlands,119,art/history museum,provider_name
Historical Image Archive for Migrants,Netherlands,112,library/archive,provider_name
Museum Nijkerk,Netherlands,108,art/history museum,provider_name
Rauws Wicker Chair Collection,Netherlands,44,other,manual_override
Museumpark Orientalis,Netherlands,40,art/history museum,wikidata_sparql_fallback
Museum Tweestromenland,Netherlands,31,art/history museum,provider_name
Provinciaal Depot Bodemvondsten,Netherlands,29,other,manual_override
Museum De Scheper,Netherlands,26,art/history museum,provider_name
Elisabeth Weeshuis Museum,Netherlands,24,art/history museum,provider_name
European Fashion Heritage Association,Netherlands,12,other,manual_override
Centraal Museum Utrecht,Netherlands,11,art/history museum,provider_name
Stichting tot Behoud van den Doornenburg,Netherlands,11,other,manual_override
Heemkundekring Bergh,Netherlands,6,other,manual_override
Historische Vereniging Voorst,Netherlands,4,government/administrative body,wikidata_description
Kunstmuseum Den Haag,Netherlands,2,art/history museum,wikidata_description
City Museum Harderwijk,Netherlands,1,art/history museum,provider_name
Museum Boijmans Van Beuningen,Netherlands,1,art/history museum,provider_name
University of Utrecht,Netherlands,1,academic/research institution,provider_name
Bonnefantenmuseum Maastricht,Netherlands,1,art/history museum,manual_override
Institute for Tropical Scientific Research,Portugal,65666,natural history/science institution,provider_name
National Library of Portugal,Portugal,35785,library/archive,provider_name
Portuguese Army Library,Portugal,13120,library/archive,provider_name
Azores Regional Directorate for Culture,Portugal,5913,government/administrative body,manual_override
University of Porto,Portugal,5111,academic/research institution,provider_name
Calouste Gulbenkian Foundation,Portugal,3415,art/history museum,manual_override
MUDE – Museu do Design,Portugal,1927,art/history museum,provider_name
Assembly of the Republic - Library,Portugal,1663,library/archive,provider_name
Fernando Pessoa's House,Portugal,1210,art/history museum,manual_override
University of Coimbra,Portugal,1155,academic/research institution,provider_name
Lisbon's Film & Theatre School,Portugal,774,academic/research institution,manual_override
Madeira Archives and Library,Portugal,685,library/archive,provider_name
Cinemateca Portuguesa - Museu do cinema,Portugal,654,audiovisual/film archive,provider_name
Radio and Television of Portugal,Portugal,504,media/broadcast organization,provider_name
Madeira Arts Library,Portugal,470,library/archive,provider_name
Lisbon Newspaper Library,Portugal,468,library/archive,provider_name
April 25th Documentation Center of Coimbra University,Portugal,337,academic/research institution,provider_name
The Commission for Citizenship and Gender Equality,Portugal,311,government/administrative body,manual_override
Division of Archives and Library of the Ministry of Foreign Affairs,Portugal,158,library/archive,provider_name
Portuguese Court of Auditors,Portugal,119,government/administrative body,provider_name
PÉDEXUMBO - Associação para a Promoção da Música e Dança,Portugal,91,other,manual_override
Library of the National Republican Guard,Portugal,70,library/archive,provider_name
Douro Museum,Portugal,51,art/history museum,provider_name
The Romanesque Rout,Portugal,50,other,manual_override
Municipal Public Library of Porto,Portugal,47,library/archive,provider_name
Open University - Portugal,Portugal,35,academic/research institution,provider_name
Seminar on the History of Ideas,Portugal,34,other,manual_override
Assembleia da República - Arquivo Histórico Parlamentar,Portugal,15,library/archive,provider_name
Supreme Court of Justice,Portugal,6,government/administrative body,provider_name
National Museum of Ancient Art,Portugal,2,art/history museum,provider_name
"National Archives Torre do Tombo, Lisbon",Portugal,2,library/archive,provider_name
Montalegre Municipal Library,Portugal,2,library/archive,provider_name
Sarmento's House,Portugal,1,other,manual_override
"Ajuda Library, Lisbon",Portugal,1,library/archive,provider_name
"National Museum of Grao Vasco, Viseu",Portugal,1,art/history museum,provider_name
National Coach Museum,Portugal,1,art/history museum,provider_name
Museums and Monuments of Portugal,Portugal,1,art/history museum,manual_override
"Church of S. Roque, Lisbon",Portugal,1,other,manual_override
Chiado Museum - National Museum of Contemporary Art,Portugal,1,art/history museum,provider_name
"Municipal Library Anselmo Braamcamp Freire, Santarém",Portugal,1,library/archive,provider_name
Virtual Library of Historical Press,Spain,1735320,library/archive,provider_name
National Library of Spain,Spain,664410,library/archive,provider_name
Galiciana: Digital Library of Galicia,Spain,570387,library/archive,provider_name
Digital Memory of Catalonia,Spain,286512,library/archive,manual_override
Archive of Old Catalan Magazines,Spain,229974,library/archive,provider_name
Ajuntament de Girona,Spain,208078,government/administrative body,provider_name
Digital Library of Andalusia,Spain,145620,library/archive,provider_name
Maresía: Prensa digitalizada y Patrimonio documental,Spain,141919,library/archive,manual_override
Canary Islands Historical Photography Archive,Spain,121890,library/archive,provider_name
Complutense University of Madrid,Spain,121238,academic/research institution,provider_name
Digital Library of Castilla y León,Spain,119704,library/archive,provider_name
Library of the University of Las Palmas,Spain,115458,library/archive,provider_name
Cityhall of Murcia. Municipal Archive,Spain,104650,library/archive,provider_name
Centro de Estudios de Castilla - La Mancha,Spain,94223,academic/research institution,manual_override
TV3 Catalan Television,Spain,89148,media/broadcast organization,provider_name
Documentary Repository of the University of Salamanca,Spain,86467,library/archive,provider_name
Royal Botanic Garden of Madrid,Spain,74638,natural history/science institution,provider_name
Foundation Virtual Library Miguel de Cervantes,Spain,70971,library/archive,provider_name
Digital Library of Madrid,Spain,69472,library/archive,provider_name
The Government of Catalonia,Spain,66231,government/administrative body,provider_name
National Archaeological Museum,Spain,62006,art/history museum,provider_name
Cartographic and Geological Institute of Catalonia,Spain,60774,government/administrative body,wikidata_sparql_fallback
Polytechnic University of Valencia,Spain,55663,academic/research institution,provider_name
Spanish National Research Council,Spain,54947,academic/research institution,provider_name
Image and Sound Archive of Menorca,Spain,52640,library/archive,provider_name
Regira. Cooperative Repository of Diputació de Girona,Spain,51534,library/archive,provider_name
Postal Cabinet Museum of Barcelona (Marull’s Collection),Spain,49300,art/history museum,provider_name
Biblioteca Diputación de Almería,Spain,47192,library/archive,provider_name
Tomás Navarro Tomás Library,Spain,38509,library/archive,provider_name
Museum of Costume. Ethnological Heritage Research Centre,Spain,35754,art/history museum,provider_name
Patrimonio Digital de Castilla-La Mancha,Spain,32589,library/archive,manual_override
Toledo Municipal Archives,Spain,32360,library/archive,provider_name
Virtual Library of Bibliographical Heritage,Spain,31208,library/archive,provider_name
Autonomous University of Barcelona,Spain,29038,academic/research institution,provider_name
Andalusian Performing Arts Research and Resource Center,Spain,28062,academic/research institution,provider_name
Library of the Bar Association of Madrid,Spain,27660,library/archive,provider_name
Library of Asturias,Spain,25427,library/archive,provider_name
Repositorio Institucional del Banco de España,Spain,23655,library/archive,provider_name
Digital Library Real Academia de la Historia,Spain,23616,library/archive,provider_name
Virtual Library of La Rioja,Spain,22978,library/archive,provider_name
Image Archive of Castilla La Mancha,Spain,21534,library/archive,provider_name
Sorolla Museum,Spain,20263,art/history museum,provider_name
Polytechnic University of Catalonia,Spain,19927,academic/research institution,provider_name
Valencian Digital Library,Spain,19090,library/archive,provider_name
UdG Digital Repository,Spain,18684,library/archive,provider_name
Natural Science Museum of Barcelona,Spain,18502,natural history/science institution,provider_name
National Museum of Decorative Arts,Spain,18154,art/history museum,provider_name
Research deposit of the University of Seville,Spain,18068,academic/research institution,provider_name
Jaume I University Repository,Spain,17455,library/archive,provider_name
Museum of America,Spain,17003,art/history museum,provider_name
Ignacio Larramendi Foundation,Spain,16095,academic/research institution,manual_override
Institutional Climatological and Meteorological Archive,Spain,15742,library/archive,provider_name
Virtual Library of Aragon,Spain,15675,library/archive,provider_name
Museo del Prado digital library,Spain,15377,library/archive,provider_name
Biblioteca Virtual de la Real Academia Nacional de Farmacia,Spain,14747,library/archive,provider_name
The Digital Network of Museum Collections in Spain,Spain,14716,art/history museum,provider_name
University of Lleida,Spain,14556,academic/research institution,provider_name
Archive of the Crown of Aragon,Spain,13893,library/archive,provider_name
Navarra Digital Library,Spain,13479,library/archive,provider_name
City Archive of Arganda del Rey,Spain,13459,library/archive,provider_name
National Museum of Roman Art,Spain,13278,art/history museum,provider_name
Museum of Popular Arts and Customs of Seville,Spain,11553,art/history museum,provider_name
Lázaro Galdiano Museum,Spain,10848,art/history museum,provider_name
Library Ciconia,Spain,10822,library/archive,provider_name
National Museum of Romanticism,Spain,10091,art/history museum,provider_name
Virtual Law Library of Aragon,Spain,9967,library/archive,provider_name
Eusko Jaurlaritza - Gobierno Vasco,Spain,8389,government/administrative body,provider_name
Collective Catalog of the Library Network of the State Archives,Spain,8156,library/archive,provider_name
Jaén Museum,Spain,8028,art/history museum,provider_name
National Museum of Anthropology,Spain,7962,art/history museum,provider_name
Archivo de la Diputación Provincial de Cáceres,Spain,7784,library/archive,provider_name
Cerralbo Museum,Spain,7434,art/history museum,provider_name
National Museum of Underwater Archaeology,Spain,7087,art/history museum,provider_name
Dadun: Digital Academic Repository of the University of Navarra,Spain,6942,library/archive,provider_name
Trencadís. The Municipal Library Network of the Diputació de Barcelona,Spain,6441,library/archive,provider_name
Sancho el Sabio Foundation,Spain,6426,library/archive,wikidata_sparql_fallback
Frederic Marès Museum,Spain,6159,art/history museum,provider_name
University Institute for Research in Iberian Archeology,Spain,5692,academic/research institution,confirmed_fix
Repository of the Catholic University of Valencia San Vicente Mártir,Spain,5578,library/archive,provider_name
National Theatre Museum,Spain,5463,art/history museum,provider_name
University of Barcelona. Digital Heritage Library,Spain,5356,library/archive,provider_name
"Minerva, Institutional Repository of the University of Santiago de Compostela",Spain,5144,library/archive,provider_name
Archivo de la Diputación de Castellón,Spain,4892,library/archive,provider_name
"Bitoteko, Hispanic Esperanto Federation Library",Spain,4482,library/archive,provider_name
Museo Etnológico de Ribadavia,Spain,4344,art/history museum,provider_name
Diocesan Seminary of Vitoria-Gasteiz,Spain,4221,government/administrative body,manual_override
Dialnet,Spain,4086,library/archive,wikidata_sparql_fallback
Museum of the Asturian People,Spain,3813,art/history museum,provider_name
González Martí National Museum of Ceramics and Sumptuary Arts,Spain,3748,art/history museum,provider_name
National Museum and Research Center of Altamira,Spain,3662,art/history museum,provider_name
Museum of Teruel,Spain,3656,art/history museum,provider_name
Museum of Navarra,Spain,3378,art/history museum,provider_name
University of Oviedo,Spain,3268,academic/research institution,provider_name
Document Repository of the University of Valladolid,Spain,3199,library/archive,provider_name
Casa de los Tiros Museum,Spain,3185,art/history museum,provider_name
Archivo de la Diputación Provincial de Badajoz,Spain,3171,library/archive,provider_name
Repository of Teaching and Research Objects of the University of Cádiz,Spain,3127,library/archive,provider_name
Capuchin Central Library of Spain,Spain,3124,library/archive,provider_name
Institutional Repository of the University of Malaga,Spain,3079,library/archive,provider_name
Ángel Orensanz and Serrablo Arts Museum,Spain,3060,art/history museum,provider_name
