country,provider,count,matched,entity_id,has_geo,locality,latitude,longitude,wikidata_uri
italy,Cinecittà - Luce,442536,False,,,,,,
italy,Historical Archive of the Presidency of the Republic,212160,True,http://data.europeana.eu/organization/1117,False,Rome,,,
italy,National Central Library of Rome,200231,True,http://data.europeana.eu/organization/4044,False,Rome,,,http://www.wikidata.org/entity/Q6382871
italy,Internet Culturale,109101,True,http://data.europeana.eu/organization/3262,True,Roma,41.9061747,12.5088474,
italy,"Department of Life Sciences, University of Trieste",101323,True,http://data.europeana.eu/organization/1752,True,Trieste,45.660689,13.7957081,http://www.wikidata.org/entity/Q75266481
italy,Epigraphic Database Roma,86827,True,http://data.europeana.eu/organization/3701,True,Rome,41.9037626,12.5144384,
italy,Cineteca di Bologna,73157,False,,,,,,
italy,Central Institute for the Union Catalogue of Italian Libraries,66672,True,http://data.europeana.eu/organization/4388,False,Rome,,,
italy,Central Museum of the Risorgimento in Rome,53211,True,http://data.europeana.eu/organization/2654,False,Rome,,,
italy,Luigi Micheletti Foundation,51704,True,http://data.europeana.eu/organization/4496,False,Brescia,,,http://www.wikidata.org/entity/Q25168251
italy,Experimental Cinematography Center,40538,True,http://data.europeana.eu/organization/884,False,Rome,,,
italy,Epigraphic Dabatase Bari,40283,True,http://data.europeana.eu/organization/3804,False,,,,
italy,European Library of Information and Culture,35475,True,http://data.europeana.eu/organization/3682,False,Milan,,,
italy,Marciana National Library,29597,True,http://data.europeana.eu/organization/4039,False,Chioggia,,,
italy,Turin Gallery for Modern and Contemporary Art,29395,True,http://data.europeana.eu/organization/3638,False,,,,
italy,Braidense National Library,21526,True,http://data.europeana.eu/organization/4079,False,,,,
italy,Library of the S. Pietro a Majella Conservatory,20154,True,http://data.europeana.eu/organization/797,False,Napoli,,,
italy,Rossimoda Shoe Museum,13489,True,http://data.europeana.eu/organization/2303,True,Vigonza,45.4219458,11.9768204,
italy,Provincial Library Magna Capitana,13065,True,http://data.europeana.eu/organization/789,False,Foggia,,,
italy,Estense University Library,12372,True,http://data.europeana.eu/organization/4024,False,,,,
france,National Library of France,2999310,True,http://data.europeana.eu/organization/4373,True,Paris,48.8335842,2.3757659,http://www.wikidata.org/entity/Q193563
france,Media Library of Architecture and Heritage,510877,True,http://data.europeana.eu/organization/3005,True,Charenton-le-Pont,48.82179,2.40484,
france,Natural History Museum in Paris,502160,True,http://data.europeana.eu/organization/2743,True,Paris,48.8417009,2.3560169,http://www.wikidata.org/entity/Q838691
france,Ministry of Culture,173279,True,http://data.europeana.eu/organization/446,True,Bucharest,44.42523,26.11051,
france,Historical Monuments: Regional Conservation,128192,True,http://data.europeana.eu/organization/1174,True,Strasbourg,48.5876588,7.7526608,
france,"Ministry of Culture and Communication, Regional Archaeology Service",110142,True,http://data.europeana.eu/organization/1125,True,Strasbourg,48.5876588,7.7526608,
france,National Audiovisual Institute France,54491,True,http://data.europeana.eu/organization/4362,True,Bry-sur-Marne Cedex,48.8363793,2.5309062,http://www.wikidata.org/entity/Q1665109
france,Interuniversity Health Library,47992,True,http://data.europeana.eu/organization/4068,True,Paris,48.8511917,2.3408544,
france,Palais Galliera - Musée de la Mode de la Ville de Paris,44495,False,,,,,,
france,Mobilier National Collections,24284,True,http://data.europeana.eu/organization/1225,True,Paris,48.8333911,2.3513344,
france,Center for Research in Ethnomusicology,21446,True,http://data.europeana.eu/organization/4002,True,Nanterre,48.90417,2.2104,
france,National and University Library of Strasbourg,21320,True,http://data.europeana.eu/organization/4410,False,Strasbourg Cedex,,,
france,House Culture Yiddish,14330,True,http://data.europeana.eu/organization/4108,True,Paris,48.8705316,2.3588576,
france,Museum of Decorative Arts,12967,True,http://data.europeana.eu/organization/1390,True,Paris,48.8631146,2.3334945,http://www.wikidata.org/entity/Q1319378
france,Philharmonie de Paris,12091,False,,,,,,
france,National Archives of France,11709,True,http://data.europeana.eu/organization/962,True,Pierrefitte-sur-Seine,48.9480891,2.3643991,
france,Rhône-Alpes Laboratory for Historical Research,10046,False,,,,,,
france,Library of the Alliance Israélite Universelle,6229,True,http://data.europeana.eu/organization/4430,True,Paris,48.8472448,2.2633049,
france,The Paris Observatory Library,3085,True,http://data.europeana.eu/organization/4082,True,Paris,48.8357663,2.3345514,
france,Departmental Units of Architecture and Heritage,2587,True,http://data.europeana.eu/organization/982,True,Épinal,48.187918,6.438637,
germany,Bavarian State Library,2176001,True,http://data.europeana.eu/organization/4484,True,Munich,48.147493,11.5803217,http://www.wikidata.org/entity/Q256507
germany,Deutsche Fotothek,1314229,False,,,,,,
germany,State Archives of Baden-Württemberg,827603,False,,,,,,
germany,German Documentation Center for Art History - Marburg Picture Index,320532,True,http://data.europeana.eu/organization/4556,True,Marburg,50.8109293,8.7718294,http://www.wikidata.org/entity/Q860570
germany,German National Library,304053,True,http://data.europeana.eu/organization/1301,True,Frankfurt am Main,50.13121,8.6831877,http://www.wikidata.org/entity/Q27302
germany,Berlin-Dahlem Botanical Garden and Botanical Museum,252957,False,,,,,,
germany,Library of the Friedrich Ebert Foundation,201518,True,http://data.europeana.eu/organization/4102,False,,,,
germany,Museum of City History Leipzig,182494,True,http://data.europeana.eu/organization/2064,True,Leipzig,51.3418578,12.3763475,http://www.wikidata.org/entity/Q2327183
germany,Berlin State Library,169601,True,http://data.europeana.eu/organization/4349,True,Berlin,52.5175461,13.3917624,http://www.wikidata.org/entity/Q170109
germany,Museum of Architecture at Berlin Institute of Technology,161890,True,http://data.europeana.eu/organization/4273,True,Berlin,52.513524,13.323819,
germany,Archives of Social Democracy,133032,True,http://data.europeana.eu/organization/4311,False,,,,
germany,State and University Library Hamburg Carl von Ossietzky,131101,True,http://data.europeana.eu/organization/1599,False,Hamburg,,,
germany,Heidelberg University Library,130773,True,http://data.europeana.eu/organization/1893,True,Heidelberg,49.409752,8.70564,http://www.wikidata.org/entity/Q880794
germany,Teßmann Library,115179,True,http://data.europeana.eu/organization/1919,False,Bolzano,,,
germany,German Archaeological Institute,104659,True,http://data.europeana.eu/organization/4493,True,Berlin,52.4607222,13.300707,http://www.wikidata.org/entity/Q695302
germany,"Ethnological Museum, Staatliche Museen zu Berlin",104638,True,http://data.europeana.eu/organization/3702,True,Berlin,52.5173885,13.4007319,
germany,Toy Museum of the City of Nuremberg,80306,True,http://data.europeana.eu/organization/2157,True,Nürnberg,49.4545935,11.0742989,
germany,Berlin-Brandenburg Economic Archive,72335,False,,,,,,
germany,DFF – German Film Institute & Film Museum,71678,True,http://data.europeana.eu/organization/4254,True,Frankfurt am Main,50.1050552,8.6776335,
germany,Karlsruhe Municipal Archives,71356,True,http://data.europeana.eu/organization/4831,True,Karlsruhe,49.0073032,8.4091006,http://www.wikidata.org/entity/Q21040660
spain,Virtual Library of Historical Press,1735320,True,http://data.europeana.eu/organization/4045,False,,,,http://www.wikidata.org/entity/Q17405606
spain,National Library of Spain,664410,True,http://data.europeana.eu/organization/4500,True,Madrid,40.4237879,-3.6902452,http://www.wikidata.org/entity/Q750403
spain,Galiciana: Digital Library of Galicia,336061,True,http://data.europeana.eu/organization/3811,True,Santiago de Compostela,42.8698709,-8.5269487,
spain,Digital Memory of Catalonia,286512,True,http://data.europeana.eu/organization/3010,True,Barcelona,41.3873518,2.111913,
spain,Galiciana. Arquivo Dixital de Galicia,234326,False,,,,,,
spain,Archive of Old Catalan Magazines,229974,True,http://data.europeana.eu/organization/43,True,Barcelona,41.3807385,2.1699868,
spain,Ajuntament de Girona,208078,False,,,,,,
spain,Digital Library of Andalusia,145620,False,,,,,,
spain,Maresía: Prensa digitalizada y Patrimonio documental,141919,False,,,,,,
spain,Canary Islands Historical Photography Archive,121890,True,http://data.europeana.eu/organization/3774,False,,,,
spain,Complutense University of Madrid,121238,True,http://data.europeana.eu/organization/1288,True,Madrid,40.4454368,-3.7299424,
spain,Digital Library of Castilla y León,119704,True,http://data.europeana.eu/organization/4209,True,Valladolid,41.6571988,-4.7302183,http://www.wikidata.org/entity/Q27383759
spain,Library of the University of Las Palmas,115458,True,http://data.europeana.eu/organization/1965,True,"Las Palmas, Gran Canaria",28.147576,-15.4302769,
spain,Cityhall of Murcia. Municipal Archive,104650,True,http://data.europeana.eu/organization/4138,True,Murcia,37.9835018,-1.1330047,
spain,Centro de Estudios de Castilla - La Mancha,94223,False,,,,,,
spain,TV3 Catalan Television,89148,True,http://data.europeana.eu/organization/1847,True,Sant Joan Despí,41.3744332,2.069125,
spain,Documentary Repository of the University of Salamanca,86467,True,http://data.europeana.eu/organization/3470,True,Salamanca,40.9614829,-5.6673456,
spain,Royal Botanic Garden of Madrid,74638,True,http://data.europeana.eu/organization/4153,True,Madrid,40.4111064,-3.6911267,http://www.wikidata.org/entity/Q1794858
spain,Foundation Virtual Library Miguel de Cervantes,70971,True,http://data.europeana.eu/organization/4436,False,,,,
spain,Digital Library of Madrid,69472,True,http://data.europeana.eu/organization/4133,False,,,,
netherlands,Naturalis Biodiversity Center,4601504,True,http://data.europeana.eu/organization/4513,True,Leiden,52.1647779,4.4732128,http://www.wikidata.org/entity/Q641676
netherlands,"KB, National Library of the Netherlands",987234,True,http://data.europeana.eu/organization/4385,False,The Hague,,,http://www.wikidata.org/entity/Q1526131
netherlands,Cultural Heritage Agency of the Netherlands,526228,True,http://data.europeana.eu/organization/4359,True,Amersfoort,52.1580763,5.3833285,
netherlands,Rijksmuseum,341407,True,http://data.europeana.eu/organization/4579,True,Amsterdam,52.3599976,4.8852188,http://www.wikidata.org/entity/Q190804
netherlands,National Archives of the Netherlands,283470,True,http://data.europeana.eu/organization/2618,True,The Hague,52.0806214,4.3268303,http://www.wikidata.org/entity/Q1857081
netherlands,Internet Archive,176784,True,http://data.europeana.eu/organization/3395,True,"San Francisco, California",37.782321,-122.471637,http://www.wikidata.org/entity/Q2116305
netherlands,International Institute of Social History,165349,True,http://data.europeana.eu/organization/4394,True,Amsterdam,52.3689397,4.9392354,http://www.wikidata.org/entity/Q1667757
netherlands,The Utrecht Archives,159981,True,http://data.europeana.eu/organization/1118,True,Utrecht,52.0890819,5.1228166,
netherlands,National Museum of Antiquities,141529,True,http://data.europeana.eu/organization/2236,True,Leiden,52.1584696,4.4855152,http://www.wikidata.org/entity/Q1860378
netherlands,Historical Information Center of Brabant,118373,True,http://data.europeana.eu/organization/4469,True,Hertogenbosch,51.6951069,5.3029478,
netherlands,Netherlands Institute for Sound & Vision,98888,True,http://data.europeana.eu/organization/4538,True,Hilversum,52.235459,5.173057,http://www.wikidata.org/entity/Q1131877
netherlands,Association De Hollandsche Molen,94187,True,http://data.europeana.eu/organization/1718,True,Amsterdam,52.3662772,4.9399952,
netherlands,Museon-Omniversum,93077,False,,,,,,
netherlands,Municipal Archives of Zaanstad,85508,True,http://data.europeana.eu/organization/3531,True,Zaandam,52.4382591,4.8148877,
netherlands,Gooi en Vechtstreek Archive,79443,True,http://data.europeana.eu/organization/3566,True,Naarden,52.2964344,5.1616623,
netherlands,Netherlands Institute for Military History,68648,True,http://data.europeana.eu/organization/2476,True,The Hague,52.1319244,5.2761886,http://www.wikidata.org/entity/Q1893708
netherlands,Historic Center Limburg,62704,True,http://data.europeana.eu/organization/3564,True,Maastricht,50.8457819,5.6926732,http://www.wikidata.org/entity/Q21004453
netherlands,IMSLP/Petrucci Music Library,61552,False,,,,,,
netherlands,City Archives Breda,60870,True,http://data.europeana.eu/organization/2136,True,Breda,51.584703,4.780068,
netherlands,St. Catherine's Convent Museum,60795,False,,,,,,
portugal,Institute for Tropical Scientific Research,65666,True,http://data.europeana.eu/organization/3368,True,Oeiras,38.7015447,-9.3127356,
portugal,National Library of Portugal,35785,True,http://data.europeana.eu/organization/1339,True,Lisbon,38.7510738,-9.1525104,http://www.wikidata.org/entity/Q245966
portugal,Portuguese Army Library,13120,True,http://data.europeana.eu/organization/3737,True,Lisbon,38.7135412,-9.1269175,
portugal,Azores Regional Directorate for Culture,5913,True,http://data.europeana.eu/organization/3824,True,Angra do Heroísmo,38.6558611,-27.2156682,
portugal,University of Porto,5111,True,http://data.europeana.eu/organization/4498,True,Porto,41.1465479,-8.6156998,
portugal,Calouste Gulbenkian Foundation,3415,True,http://data.europeana.eu/organization/3634,False,Lisboa,,,
portugal,MUDE – Museu do Design,1927,False,,,,,,
portugal,Assembly of the Republic - Library,1663,True,http://data.europeana.eu/organization/5325,True,Lisbon,38.7125529,-9.1538565,http://www.wikidata.org/entity/Q740564
portugal,Fernando Pessoa's House,1210,False,,,,,,
portugal,University of Coimbra,1155,True,http://data.europeana.eu/organization/1909,True,Coimbra,40.2076394,-8.4260932,
portugal,Lisbon's Film & Theatre School,774,False,,,,,,
portugal,Madeira Archives and Library,685,True,http://data.europeana.eu/organization/822,True,Funchal,32.6661989,-16.933144,
portugal,Cinemateca Portuguesa - Museu do cinema,654,False,,,,,,
portugal,Radio and Television of Portugal,504,True,http://data.europeana.eu/organization/2281,True,Lisbon,38.7590891,-9.1179905,
portugal,Madeira Arts Library,470,True,http://data.europeana.eu/organization/947,True,Funchal,32.6440322,-16.9224104,
portugal,Lisbon Newspaper Library,468,True,http://data.europeana.eu/organization/3494,True,Lisboa,38.7548267,-9.1726551,
portugal,April 25th Documentation Center of Coimbra University,337,True,http://data.europeana.eu/organization/3996,True,Coimbra,40.2138778,-8.4312511,
portugal,The Commission for Citizenship and Gender Equality,311,True,http://data.europeana.eu/organization/3834,True,Lisbon,38.7132443,-9.1663617,
portugal,Division of Archives and Library of the Ministry of Foreign Affairs,158,True,http://data.europeana.eu/organization/2911,True,Lisbon,38.7073246,-9.170275,
portugal,Portuguese Court of Auditors,119,True,http://data.europeana.eu/organization/914,True,Lisboa,38.7400193,-9.14675,
