provider,provider_category,classification_source
Cinecittà - Luce,audiovisual/film archive,provider_name
Historical Archive of the Presidency of the Republic,library/archive,provider_name
National Central Library of Rome,library/archive,provider_name
Internet Culturale,other,unmatched
"Department of Life Sciences, University of Trieste",academic/research institution,provider_name
Epigraphic Database Roma,art/history museum,provider_name
Cineteca di Bologna,audiovisual/film archive,wikidata_description
Central Institute for the Union Catalogue of Italian Libraries,other,name_description_conflict
Central Museum of the Risorgimento in Rome,art/history museum,provider_name
Luigi Micheletti Foundation,library/archive,wikidata_description
Experimental Cinematography Center,other,unmatched
Epigraphic Dabatase Bari,art/history museum,provider_name
European Library of Information and Culture,library/archive,provider_name
Marciana National Library,library/archive,provider_name
Turin Gallery for Modern and Contemporary Art,art/history museum,provider_name
Braidense National Library,other,name_description_conflict
Library of the S. Pietro a Majella Conservatory,audiovisual/film archive,provider_name
Rossimoda Shoe Museum,art/history museum,provider_name
Provincial Library Magna Capitana,library/archive,provider_name
Estense University Library,library/archive,provider_name
Missoni,other,unmatched
Photographic Archive of the Civic Museums of Turin,library/archive,provider_name
"New Manuscript Library, Veneto Region",library/archive,provider_name
Pitti Immagine,other,unmatched
Galileo Museum,art/history museum,provider_name
The Central National Library of Florence,library/archive,provider_name
Digital Library Trentino,library/archive,provider_name
University Library of Genova,library/archive,provider_name
Opera Institute of the Italian Vocabulary,other,unmatched
Museo della Carta di Pescia,art/history museum,provider_name
Marucelliana Library,library/archive,provider_name
University Library Of Pisa,library/archive,provider_name
University of Padua,academic/research institution,provider_name
Madama Palace,art/history museum,provider_name
University of Pisa,academic/research institution,provider_name
University of Padua - Botanical Garden Library,library/archive,provider_name
Modern and Contemporary History Library,library/archive,provider_name
Prato Textile Museum,art/history museum,provider_name
Casanatense Library,library/archive,provider_name
Querini Stampalia Foundation,other,unmatched
Palatine Library,library/archive,provider_name
State Archives of Campobasso,library/archive,provider_name
Promoter Digital Gallery,art/history museum,provider_name
Pitti Palace - Museum of Costume and Fashion,art/history museum,provider_name
Alessandrina University Library,library/archive,provider_name
Museum of Oriental Art,art/history museum,provider_name
Brixiana,government/administrative body,wikidata_description
Superintendence for Cultural Heritage of the Autonomous Province of Trento,government/administrative body,provider_name
The Institute of Heritage Sciences,other,unmatched
Biblioteca Sportiva Nazionale,library/archive,provider_name
State Library of the National Monument of Montecassino,library/archive,provider_name
Library of the Cherubini Conservatory of Music,audiovisual/film archive,provider_name
Library De Gemmis,library/archive,provider_name
University of Bologna,academic/research institution,provider_name
GoTellGo Cultural Association,other,unmatched
Turin National University Library,library/archive,provider_name
Polytecnic University of Milan - Computer Vision & Reverse Engineering Lab,academic/research institution,provider_name
Byterfly,other,unmatched
Library of Archeology and History Of Art,library/archive,provider_name
Library of Archeology and History of Art,library/archive,provider_name
National Library of Potenza,library/archive,provider_name
Salvatore Ferragamo Museum,art/history museum,provider_name
Luigi Sturzo Institute,library/archive,wikidata_sparql_fallback
"Veneto Region, The Music Fund of St. Mary of Consolation in Venice",audiovisual/film archive,provider_name
National Library of the Girolamini Oratory,library/archive,provider_name
Pasquale Albino Library,library/archive,provider_name
Institute of Musical Studies Luigi Boccherini,audiovisual/film archive,provider_name
Municipality of Macerata,government/administrative body,provider_name
Provincial Library of Brindisi,library/archive,provider_name
National Library of Cosenza,library/archive,provider_name
Provincial Library Nicola Bernardini,library/archive,provider_name
State Library of Lucca,library/archive,provider_name
Alinari Foundation for Photography,art/history museum,provider_name
Rossini Foundation,other,unmatched
Augusta Municipal Library,library/archive,provider_name
Public Library Pietro Acclavio,library/archive,provider_name
"Cultural Hub of the Museums, Libraries and Archives - Bassano del Grappa",library/archive,provider_name
Angelo Mai Civic Library and Municipal Historical Archives,library/archive,provider_name
University Library of Pavia,library/archive,provider_name
National Library of Attilio Hortis,library/archive,provider_name
Library Charitas of San Francesco di Paola,library/archive,provider_name
AMS Historica Bologna,other,unmatched
Franca Rame - Dario Fo Archive,library/archive,provider_name
Municipal Library Giovanni Bovio,library/archive,provider_name
Luigi Einaudi Foundation Library,library/archive,provider_name
The Regional Archives Koper,library/archive,provider_name
National Museum of Cinema,other,name_description_conflict
Museum of Agricultural Sciences,art/history museum,provider_name
Roman Philharmonic Academy,audiovisual/film archive,provider_name
Vatican Library,library/archive,provider_name
Institute of Information Science and Technologies 'Alessandro Faedo',other,unmatched
Luigi Chiarini Library,library/archive,provider_name
Archive of the Donizetti Museum,library/archive,provider_name
Library of the Institute for the History of Resistance and Contemporary Society,library/archive,provider_name
National Library of Bari,library/archive,provider_name
International Museum and Library of Music,audiovisual/film archive,provider_name
Library of Astronomical Observatory of Capodimonte,library/archive,provider_name
CISA -Interdipartimental Center for Archaeology,art/history museum,provider_name
Alfonso Rendano Municipal Theater Library,library/archive,provider_name
State Library of Cremona,library/archive,provider_name
National Library of France,library/archive,provider_name
Media Library of Architecture and Heritage,library/archive,provider_name
Natural History Museum in Paris,natural history/science institution,provider_name
Ministry of Culture,government/administrative body,provider_name
Historical Monuments: Regional Conservation,art/history museum,provider_name
"Ministry of Culture and Communication, Regional Archaeology Service",art/history museum,provider_name
National Audiovisual Institute France,audiovisual/film archive,provider_name
Interuniversity Health Library,library/archive,provider_name
Palais Galliera - Musée de la Mode de la Ville de Paris,art/history museum,provider_name
Mobilier National Collections,other,unmatched
Center for Research in Ethnomusicology,audiovisual/film archive,provider_name
National and University Library of Strasbourg,library/archive,provider_name
House Culture Yiddish,other,unmatched
Museum of Decorative Arts,art/history museum,provider_name
Philharmonie de Paris,audiovisual/film archive,provider_name
National Archives of France,library/archive,provider_name
Rhône-Alpes Laboratory for Historical Research,academic/research institution,provider_name
Library of the Alliance Israélite Universelle,library/archive,provider_name
The Paris Observatory Library,library/archive,provider_name
Departmental Units of Architecture and Heritage,other,unmatched
PETRAE - AUSONIUS,other,unmatched
House for the Social Sciences and Humanities of Dijon,other,unmatched
Occitan Media Library,library/archive,provider_name
National Archeology Museum,art/history museum,provider_name
National Conservatory of Arts and Crafts,audiovisual/film archive,provider_name
Centre for Research on Sound Space and urban environment,academic/research institution,provider_name
Models and Simulations for Architecture and Heritage,academic/research institution,wikidata_description
Bibracte EPCC,other,unmatched
Babord-Num,other,unmatched
"Virtual Humanist Libraries, Tours University",library/archive,provider_name
Media library at Centre National de la Danse,library/archive,provider_name
Archaeological Society of Bordeaux,art/history museum,provider_name
Clermont Library,library/archive,provider_name
Virtual library on the first socialisms,library/archive,provider_name
Conservatory of the Gironde Estuary,audiovisual/film archive,provider_name
Pôle de la Mémoire Locale,other,unmatched
TheFactStories,other,unmatched
Institute of Computer Science - Foundation for Research and Technology Hellas,academic/research institution,provider_name
Cinémémoire - Amateur Film Library of Marseille,library/archive,provider_name
Ministry of Reconstruction and Urban Planning,government/administrative body,provider_name
National Customs Museum,art/history museum,provider_name
In Video Veritas,other,unmatched
Louvre,art/history museum,wikidata_description
Orsay Museum,art/history museum,provider_name
Centre Pompidou - National museum for modern art - Industrial Design Centre,art/history museum,provider_name
Heritage Malta,library/archive,wikidata_sparql_fallback
Museum of Fine Arts in Lyon,art/history museum,provider_name
National Centre for Prehistory,other,unmatched
National Monuments Center,other,unmatched
Palace of Versailles and Trianon,art/history museum,provider_name
Bavarian State Library,library/archive,provider_name
Deutsche Fotothek,library/archive,wikidata_description
State Archives of Baden-Württemberg,library/archive,provider_name
German Documentation Center for Art History - Marburg Picture Index,other,unmatched
German National Library,library/archive,provider_name
Berlin-Dahlem Botanical Garden and Botanical Museum,natural history/science institution,provider_name
Library of the Friedrich Ebert Foundation,library/archive,provider_name
Museum of City History Leipzig,art/history museum,provider_name
Berlin State Library,library/archive,provider_name
Museum of Architecture at Berlin Institute of Technology,art/history museum,provider_name
Archives of Social Democracy,library/archive,provider_name
State and University Library Hamburg Carl von Ossietzky,library/archive,provider_name
Heidelberg University Library,library/archive,provider_name
Teßmann Library,library/archive,provider_name
German Archaeological Institute,art/history museum,provider_name
"Ethnological Museum, Staatliche Museen zu Berlin",art/history museum,provider_name
Toy Museum of the City of Nuremberg,art/history museum,provider_name
Berlin-Brandenburg Economic Archive,library/archive,provider_name
DFF – German Film Institute & Film Museum,audiovisual/film archive,provider_name
Karlsruhe Municipal Archives,library/archive,provider_name
Herzog Anton Ulrich Museum,art/history museum,provider_name
Epigraphic Database Heidelberg,art/history museum,provider_name
University & State Library Fulda,library/archive,provider_name
Herzog August Library,library/archive,provider_name
Brandenburg Main State Archive,library/archive,provider_name
International Maritime Museum,art/history museum,provider_name
Deutsche Welle,media/broadcast organization,wikidata_description
GESIS - Leibniz Institute for the Social Sciences. Library Cologne,library/archive,provider_name
Architecture Museum at Technical University of Munich,art/history museum,provider_name
Herbarium Göttingen (GOET),natural history/science institution,provider_name
The Photographic Archive of the Zentralinstitut für Kunstgeschichte,library/archive,provider_name
Frankfurt University Library,library/archive,provider_name
"Dresden State Art Collections. Museum of Prints, Drawings and Photographs",art/history museum,provider_name
"Kunstbibliothek, Staatliche Museen zu Berlin",library/archive,provider_name
Leibniz Institute for Regional Geography,academic/research institution,wikidata_description
"Bibliotheca Hertziana, Max Planck Institute for Art History Rome. Photographic Collection",art/history museum,provider_name
University Library Freiburg,library/archive,provider_name
Media library of Art and Visual History of Humboldt University of Berlin,library/archive,provider_name
Germanisches National Museum,art/history museum,provider_name
Badisches Landesmuseum Karlsruhe,art/history museum,wikidata_description
Sorbian Cultural Archive,library/archive,provider_name
State Association of Fine Arts Saxony eV,other,unmatched
Bauhaus University Weimar. University Library,library/archive,provider_name
Dresden State Art Collections. Numismatic Collection,art/history museum,provider_name
Bildarchiv Volkskundliche Kommision für Westfalen,other,unmatched
State Office for Heritage Management and Archaeology Saxony-Anhalt - State Museum for Prehistory,art/history museum,provider_name
"Museum for Pre- and Early History, Staatliche Museen zu Berlin",art/history museum,provider_name
LWL - Museum for Art and Culture - Westphalian State Museum of Art & Cultural History,art/history museum,provider_name
"Kupferstichkabinett, Staatliche Museen zu Berlin",art/history museum,provider_name
Prussian Palaces and Gardens Foundation Berlin-Brandenburg,other,unmatched
Federal Waterways Engineering and Research Institute,academic/research institution,provider_name
"Natural History Museum, Berlin",natural history/science institution,provider_name
Field Museum of Natural History,other,name_description_conflict
Heinrich-Barth-Institut e.V.,other,unmatched
Kassel University Library,library/archive,provider_name
Leipzig University Library,library/archive,provider_name
Kalliope,library/archive,wikidata_description
Saxon State and University Library Dresden,library/archive,provider_name
"Museum of European Cultures, Staatliche Museen zu Berlin",art/history museum,provider_name
Art collections of the Veste Coburg,art/history museum,provider_name
"Institute of Art History and Archaeology of Europe, Martin Luther University Halle Wittenberg",art/history museum,provider_name
Berlin-Brandenburg Academy of Sciences and Humanities,academic/research institution,provider_name
Kunstpalast,other,unmatched
Montanhistorisches Dokumentationszentrum,library/archive,wikidata_sparql_fallback
Dresden State Art Collections. Porcelain collection,art/history museum,provider_name
"University of Graz, Institute of Plant Sciences - Herbarium GZU",natural history/science institution,provider_name
Hirschfelde Power Station Foundation,other,unmatched
Museum of Islamic Art,art/history museum,provider_name
Goethe University Frankfurt,academic/research institution,provider_name
Dresden State Art Collections. Sculpture collection,art/history museum,provider_name
German National Library of Medicine,library/archive,provider_name
Gotha Research Library,library/archive,provider_name
"BBAW, Corpus Nummorum",other,unmatched
"Collection of Classical Antiquities, Berlin State Museums",other,unmatched
Technoseum,art/history museum,wikidata_description
Museum of Things,art/history museum,provider_name
German Exile Archive,library/archive,provider_name
Baden State Library,library/archive,provider_name
Leibniz Institute for the German Language - Library,library/archive,provider_name
Schöneweide Industrial Museum,art/history museum,provider_name
Art Collection of the University Göttingen,art/history museum,provider_name
FHXB Friedrichshain-Kreuzberg Museum,art/history museum,provider_name
Deutsche Kinemathek - Museum für Film und Fernsehen,other,name_description_conflict
"Eberhard Karls Universität Tübingen, UB - Universitätsarchiv",library/archive,wikidata_sparql_fallback
Stiftung Domäne Dahlem - Estate and Museum,art/history museum,provider_name
"Museum of Arts and Crafts, Hamburg",art/history museum,provider_name
Kiel University Library,library/archive,provider_name
University and State Library Darmstadt,library/archive,provider_name
TIB - Leibniz Information Centre for Science and Technology and University Library,library/archive,provider_name
"Deutsches Museum, Archiv",library/archive,provider_name
Bielefeld University Library,library/archive,provider_name
Westphalian Folk Song and Sound Archive,library/archive,provider_name
Zoological Research Museum Koenig,art/history museum,provider_name
Münchner Stadtmuseum,art/history museum,wikidata_description
Theatermuseum der Landeshauptstadt Düsseldorf,other,unmatched
Mecklenburg-Vorpommern state library,library/archive,provider_name
Allied Museum,art/history museum,provider_name
Gleimhaus - Museum of the German Enlightenment,art/history museum,provider_name
"Central Archive, Berlin State Museums",library/archive,provider_name
Dresden State Art Collections. Museum of Decorative Arts,art/history museum,provider_name
Virtual Library of Historical Press,library/archive,provider_name
National Library of Spain,library/archive,provider_name
Galiciana: Digital Library of Galicia,library/archive,provider_name
Digital Memory of Catalonia,other,unmatched
Galiciana. Arquivo Dixital de Galicia,library/archive,provider_name
Archive of Old Catalan Magazines,library/archive,provider_name
Ajuntament de Girona,government/administrative body,provider_name
Digital Library of Andalusia,library/archive,provider_name
Maresía: Prensa digitalizada y Patrimonio documental,other,unmatched
Canary Islands Historical Photography Archive,library/archive,provider_name
Complutense University of Madrid,academic/research institution,provider_name
Digital Library of Castilla y León,library/archive,provider_name
Library of the University of Las Palmas,library/archive,provider_name
Cityhall of Murcia. Municipal Archive,library/archive,provider_name
Centro de Estudios de Castilla - La Mancha,other,unmatched
TV3 Catalan Television,media/broadcast organization,provider_name
Documentary Repository of the University of Salamanca,library/archive,provider_name
Royal Botanic Garden of Madrid,natural history/science institution,provider_name
Foundation Virtual Library Miguel de Cervantes,library/archive,provider_name
Digital Library of Madrid,library/archive,provider_name
The Government of Catalonia,government/administrative body,provider_name
National Archaeological Museum,art/history museum,provider_name
Cartographic and Geological Institute of Catalonia,government/administrative body,wikidata_sparql_fallback
Polytechnic University of Valencia,academic/research institution,provider_name
Spanish National Research Council,academic/research institution,provider_name
Image and Sound Archive of Menorca,library/archive,provider_name
Regira. Cooperative Repository of Diputació de Girona,library/archive,provider_name
Postal Cabinet Museum of Barcelona (Marull’s Collection),art/history museum,provider_name
Biblioteca Diputación de Almería,library/archive,provider_name
Tomás Navarro Tomás Library,library/archive,provider_name
Museum of Costume. Ethnological Heritage Research Centre,art/history museum,provider_name
Patrimonio Digital de Castilla-La Mancha,other,unmatched
Toledo Municipal Archives,library/archive,provider_name
Virtual Library of Bibliographical Heritage,library/archive,provider_name
Autonomous University of Barcelona,academic/research institution,provider_name
Andalusian Performing Arts Research and Resource Center,academic/research institution,provider_name
Library of the Bar Association of Madrid,library/archive,provider_name
Library of Asturias,library/archive,provider_name
Repositorio Institucional del Banco de España,library/archive,provider_name
Digital Library Real Academia de la Historia,library/archive,provider_name
Virtual Library of La Rioja,library/archive,provider_name
Image Archive of Castilla La Mancha,library/archive,provider_name
Sorolla Museum,art/history museum,provider_name
Polytechnic University of Catalonia,academic/research institution,provider_name
Valencian Digital Library,library/archive,provider_name
UdG Digital Repository,library/archive,provider_name
Natural Science Museum of Barcelona,natural history/science institution,provider_name
National Museum of Decorative Arts,art/history museum,provider_name
Research deposit of the University of Seville,academic/research institution,provider_name
Jaume I University Repository,library/archive,provider_name
Museum of America,art/history museum,provider_name
Ignacio Larramendi Foundation,other,unmatched
Institutional Climatological and Meteorological Archive,library/archive,provider_name
Virtual Library of Aragon,library/archive,provider_name
Museo del Prado digital library,library/archive,provider_name
Biblioteca Virtual de la Real Academia Nacional de Farmacia,library/archive,provider_name
The Digital Network of Museum Collections in Spain,art/history museum,provider_name
University of Lleida,academic/research institution,provider_name
Archive of the Crown of Aragon,library/archive,provider_name
Navarra Digital Library,library/archive,provider_name
City Archive of Arganda del Rey,library/archive,provider_name
National Museum of Roman Art,art/history museum,provider_name
Museum of Popular Arts and Customs of Seville,art/history museum,provider_name
Lázaro Galdiano Museum,art/history museum,provider_name
Library Ciconia,library/archive,provider_name
National Museum of Romanticism,art/history museum,provider_name
Virtual Law Library of Aragon,library/archive,provider_name
Eusko Jaurlaritza - Gobierno Vasco,government/administrative body,provider_name
Collective Catalog of the Library Network of the State Archives,library/archive,provider_name
Jaén Museum,art/history museum,provider_name
National Museum of Anthropology,art/history museum,provider_name
Archivo de la Diputación Provincial de Cáceres,library/archive,provider_name
Cerralbo Museum,art/history museum,provider_name
National Museum of Underwater Archaeology,art/history museum,provider_name
Dadun: Digital Academic Repository of the University of Navarra,library/archive,provider_name
Trencadís. The Municipal Library Network of the Diputació de Barcelona,library/archive,provider_name
Sancho el Sabio Foundation,library/archive,wikidata_sparql_fallback
Frederic Marès Museum,art/history museum,provider_name
University Institute for Research in Iberian Archeology,art/history museum,provider_name
Repository of the Catholic University of Valencia San Vicente Mártir,library/archive,provider_name
National Theatre Museum,art/history museum,provider_name
University of Barcelona. Digital Heritage Library,library/archive,provider_name
"Minerva, Institutional Repository of the University of Santiago de Compostela",library/archive,provider_name
Archivo de la Diputación de Castellón,library/archive,provider_name
"Bitoteko, Hispanic Esperanto Federation Library",library/archive,provider_name
Museo Etnológico de Ribadavia,art/history museum,provider_name
Diocesan Seminary of Vitoria-Gasteiz,other,unmatched
Dialnet,library/archive,wikidata_sparql_fallback
Museum of the Asturian People,art/history museum,provider_name
González Martí National Museum of Ceramics and Sumptuary Arts,art/history museum,provider_name
National Museum and Research Center of Altamira,art/history museum,provider_name
Museum of Teruel,art/history museum,provider_name
Museum of Navarra,art/history museum,provider_name
University of Oviedo,academic/research institution,provider_name
Document Repository of the University of Valladolid,library/archive,provider_name
Casa de los Tiros Museum,art/history museum,provider_name
Archivo de la Diputación Provincial de Badajoz,library/archive,provider_name
Repository of Teaching and Research Objects of the University of Cádiz,library/archive,provider_name
Capuchin Central Library of Spain,library/archive,provider_name
Institutional Repository of the University of Malaga,library/archive,provider_name
Naturalis Biodiversity Center,natural history/science institution,wikidata_description
"KB, National Library of the Netherlands",library/archive,provider_name
Cultural Heritage Agency of the Netherlands,other,name_description_conflict
Rijksmuseum,art/history museum,wikidata_description
National Archives of the Netherlands,library/archive,provider_name
Internet Archive,library/archive,provider_name
International Institute of Social History,academic/research institution,wikidata_description
The Utrecht Archives,library/archive,provider_name
National Museum of Antiquities,art/history museum,provider_name
Historical Information Center of Brabant,other,unmatched
Netherlands Institute for Sound & Vision,audiovisual/film archive,provider_name
Association De Hollandsche Molen,other,unmatched
Museon-Omniversum,art/history museum,wikidata_description
Municipal Archives of Zaanstad,library/archive,provider_name
Gooi en Vechtstreek Archive,library/archive,provider_name
Netherlands Institute for Military History,government/administrative body,wikidata_description
Historic Center Limburg,other,unmatched
IMSLP/Petrucci Music Library,audiovisual/film archive,provider_name
City Archives Breda,library/archive,provider_name
St. Catherine's Convent Museum,art/history museum,provider_name
Museum Rotterdam,art/history museum,provider_name
Paul Van Riel,art/history museum,wikidata_description
Batavialand,art/history museum,wikidata_description
Historic Center Leeuwarden,other,unmatched
"Municipal Archive, Schiedam",library/archive,provider_name
Municipal Archives of Weert,library/archive,provider_name
KNAW-DANS,other,unmatched
Regional Archive Nijmegen,library/archive,provider_name
City Archives' s-Hertogenbosch,library/archive,provider_name
CODA Museum,art/history museum,provider_name
CARARE,other,unmatched
Municipal Archives of Ede en Scherpenzeel,library/archive,provider_name
Zutphen Regional Archive,library/archive,provider_name
Regional Archive Langstraat Heusden Altena,library/archive,provider_name
Rijksmuseum Boerhaave,art/history museum,wikidata_description
Municipal Archives of Tholen,library/archive,provider_name
Municipal Archives of Barneveld,library/archive,provider_name
Zuiderzee Museum,art/history museum,provider_name
The Language Archive,library/archive,provider_name
National Museum of World Cultures Foundation,art/history museum,provider_name
Heritage Rijssen-Holten,other,unmatched
Digital Library for Dutch Literature,library/archive,provider_name
The province of North Holland,government/administrative body,provider_name
International Military Tribunal at Nuremberg,other,unmatched
Leiden University Libraries,library/archive,provider_name
Amsterdam Museum,art/history museum,provider_name
Loevestein Castle,art/history museum,provider_name
City Museum Zutphen,art/history museum,provider_name
Textile Research Centre Leiden,academic/research institution,provider_name
Regional Archives Tilburg,library/archive,provider_name
Geldersch Landschap & Kasteelen,other,unmatched
VU University Amsterdam Library,library/archive,provider_name
Fries Museum,art/history museum,provider_name
Valkhof Museum,art/history museum,provider_name
"The Dutch Olympic Committee, Dutch Sports Federation",other,unmatched
National Organ Museum,art/history museum,provider_name
EYE Film Museum,other,name_description_conflict
IHLIA LGBTI Heritage,library/archive,wikidata_description
Castle Huis Bergh,art/history museum,provider_name
Textile Museum,art/history museum,provider_name
Heritage Leiden,library/archive,wikidata_description
Anne Frank House,art/history museum,wikidata_description
Arnhem museum,art/history museum,provider_name
De Looierij,art/history museum,wikidata_description
Leo Smit foundation,other,unmatched
Mauritshuis,art/history museum,wikidata_description
Museum Krona,art/history museum,provider_name
Airborne Museum 'Hartenstein',art/history museum,provider_name
Freedom Museum,art/history museum,provider_name
Historische Kring Huessen,art/history museum,wikidata_sparql_fallback
Deelen Airbase Museum,art/history museum,provider_name
Museum Klok & Peel,art/history museum,provider_name
Groningen Historic Churches Foundation,other,unmatched
Archive and Documentation Center for RK Friesland,library/archive,provider_name
Museum Het Pakhuis,art/history museum,provider_name
Historische Kring Midden-Betuwe,other,unmatched
Kijk & Luistermuseum,art/history museum,wikidata_description
Tilburg University,academic/research institution,provider_name
Streekmuseum de Roode Tooren,art/history museum,wikidata_description
Huis van Hilde,art/history museum,wikidata_sparql_fallback
Water board of Schieland and the Krimpenerwaard,other,unmatched
Zaans Museum,art/history museum,provider_name
Historical Image Archive for Migrants,library/archive,provider_name
Museum Nijkerk,art/history museum,provider_name
Rauws Wicker Chair Collection,other,unmatched
Museumpark Orientalis,art/history museum,wikidata_sparql_fallback
Museum Tweestromenland,art/history museum,provider_name
Provinciaal Depot Bodemvondsten,other,unmatched
Museum De Scheper,art/history museum,provider_name
Elisabeth Weeshuis Museum,art/history museum,provider_name
European Fashion Heritage Association,other,unmatched
Stichting tot Behoud van den Doornenburg,other,unmatched
Centraal Museum Utrecht,art/history museum,provider_name
Heemkundekring Bergh,other,unmatched
Historische Vereniging Voorst,government/administrative body,wikidata_description
Kunstmuseum Den Haag,art/history museum,wikidata_description
Bonnefantenmuseum Maastricht,other,unmatched
City Museum Harderwijk,art/history museum,provider_name
City Museum Prinsenhof,art/history museum,provider_name
Museum Boijmans Van Beuningen,art/history museum,provider_name
Institute for Tropical Scientific Research,natural history/science institution,provider_name
National Library of Portugal,library/archive,provider_name
Portuguese Army Library,library/archive,provider_name
Azores Regional Directorate for Culture,other,unmatched
University of Porto,academic/research institution,provider_name
Calouste Gulbenkian Foundation,other,unmatched
MUDE – Museu do Design,art/history museum,provider_name
Assembly of the Republic - Library,library/archive,provider_name
Fernando Pessoa's House,other,unmatched
University of Coimbra,academic/research institution,provider_name
Lisbon's Film & Theatre School,other,unmatched
Madeira Archives and Library,library/archive,provider_name
Cinemateca Portuguesa - Museu do cinema,audiovisual/film archive,provider_name
Radio and Television of Portugal,media/broadcast organization,provider_name
Madeira Arts Library,library/archive,provider_name
Lisbon Newspaper Library,library/archive,provider_name
April 25th Documentation Center of Coimbra University,academic/research institution,provider_name
The Commission for Citizenship and Gender Equality,other,unmatched
Division of Archives and Library of the Ministry of Foreign Affairs,library/archive,provider_name
Portuguese Court of Auditors,government/administrative body,provider_name
PÉDEXUMBO - Associação para a Promoção da Música e Dança,other,unmatched
Library of the National Republican Guard,library/archive,provider_name
Douro Museum,art/history museum,provider_name
The Romanesque Rout,other,unmatched
Municipal Public Library of Porto,library/archive,provider_name
Open University - Portugal,academic/research institution,provider_name
Seminar on the History of Ideas,other,unmatched
Assembleia da República - Arquivo Histórico Parlamentar,library/archive,provider_name
Supreme Court of Justice,government/administrative body,provider_name
National Museum of Ancient Art,art/history museum,provider_name
"National Archives Torre do Tombo, Lisbon",library/archive,provider_name
Montalegre Municipal Library,library/archive,provider_name
"Ajuda Library, Lisbon",library/archive,provider_name
Chiado Museum - National Museum of Contemporary Art,art/history museum,provider_name
"Church of S. Roque, Lisbon",other,unmatched
"Municipal Library Anselmo Braamcamp Freire, Santarém",library/archive,provider_name
Museums and Monuments of Portugal,other,unmatched
National Coach Museum,art/history museum,provider_name
"National Museum of Grao Vasco, Viseu",art/history museum,provider_name
Sarmento's House,other,unmatched
